club_name,country
AS Vita Club,Congo Dr
Al Ahly,Egypt
Al Mokawloon Al Arab,Egypt
El Dakhleya,Egypt
El Entag El Harby,Egypt
ENPPI SC,Egypt
Ittihad El Shorta,Egypt
Tala'ea El Gaish,Egypt
Wadi Degla,Egypt
FC Masr,Egypt
Pyramids FC,Egypt
Al Ittihad Al Sakandary,Egypt
Haras El Hodood,Egypt
Smouha SC,Egypt
Zamalek,Egypt
Ismaily,Egypt
El Gouna,Egypt
Ghazl El Mahalla,Egypt
Misr El Makasa,Egypt
Petrojet,Egypt
Telephonat Bani Sweif,Egypt
Tanta SC,Egypt
Aswan SC,Egypt
Al Masry SC,Egypt
Raja Casablanca,Morocco
Wydad Casabl.,Morocco
Highlands Park,South Africa
Kaizer Chiefs,South Africa
Orlando Pirates,South Africa
Bidwest Wits,South Africa
Cape Town City,South Africa
SuperSport United,South Africa
Mamelodi Sundowns,South Africa
Baroka,South Africa
Polokwane City,South Africa
Black Leopards,South Africa
Bloemfontein Celtic,South Africa
Chippa United,South Africa
Maritzburg United,South Africa
Stellenbosch United,South Africa
AmaZulu Durban,South Africa
Golden Arrows,South Africa
Espérance Sportive de Tunis,Tunisia
JS Kairouanaise,Tunisia
Beijing Sinobo Guoan,China
Beijing Renhe,China
Shanghai SIPG,China
Shanghai Greenland Shenhua,China
Shanghai Shenxin,China
Guangzhou Evergrande Taobao,China
Guangzhou R&F,China
Chongqing Dangdai Lifan,China
Changchun Yatai,China
Dalian Yifang,China
Guizhou Hengfeng,China
Hangzhou Greentown,China
Shandong Luneng Taishan,China
Hebei China Fortune,China
Jiangsu Suning,China
Shenzhen FC,China
Shijiazhuang Ever Bright,China
Tianjin Tianhai,China
Tianjin TEDA,China
Tianjin Quanjian,China
Wuhan Zall,China
Henan Jianye,China
Liaoning FC,China
Yanbian Funde,China
Zhejiang Yiteng FC,China
FC Tokyo,Japan
Tokyo Verdy,Japan
Albirex Niigata,Japan
Omiya Ardija,Japan
Cerezo Osaka,Japan
Gamba Osaka,Japan
Yokohama F. Marinos,Japan
Kawasaki Frontale,Japan
Nagoya Grampus,Japan
Júbilo Iwata,Japan
Shimizu S-Pulse,Japan
Honda FC,Japan
Urawa Red Diamonds,Japan
Kashiwa Reysol,Japan
Sagan Tosu,Japan
Sanfrecce Hiroshima,Japan
Vegalta Sendai,Japan
Hokkaido Consadole Sapporo,Japan
Avispa Fukuoka,Japan
Matsumoto Yamaga,Japan
Vissel Kobe,Japan
V-Varen Nagasaki,Japan
Kashima Antlers,Japan
Oita Trinita,Japan
Shonan Bellmare,Japan
Ventforet Kofu,Japan
Montedio Yamagata,Japan
Tokushima Vortis,Japan
FC Astana,Kazakhstan
FC Astana-1964,Kazakhstan
FC Aktobe,Kazakhstan
FC Shakhter Karagandy,Kazakhstan
FC Tobol Kostanay,Kazakhstan
FC Irtysh Pavlodar,Kazakhstan
FC Ordabasy Shymkent,Kazakhstan
FC Atyrau,Kazakhstan
FC Zhetysu Taldykorgan,Kazakhstan
FC Okzhetpes Kokshetau,Kazakhstan
FC Kairat Almaty,Kazakhstan
FC Alma-Ata (2000-2008),Kazakhstan
FC Kaysar Kyzylorda,Kazakhstan
FC Taraz,Kazakhstan
Al-Ittihad,Saudi Arabia
Al-Hilal Riyad,Saudi Arabia
Balestier Khalsa,Singapore
Albirex Niigata FC,Singapore
Busan I'Park,South Korea
Chunnam Dragons,South Korea
Daegu FC,South Korea
Daejeon Citizen,South Korea
Gangwon FC,South Korea
Gyeongnam FC,South Korea
Incheon United,South Korea
Jeju United,South Korea
Jeonbuk Motors,South Korea
Pohang Steelers,South Korea
Seongnam Ilhwa Chunma,South Korea
FC Seoul,South Korea
Suwon Bluewings,South Korea
Ulsan Hyundai,South Korea
Buriram United FC,Thailand
FC PTT Rayong,Thailand
ALHCS Spartan FC,Anguilla
Diamond FC,Anguilla
Docks United FC,Anguilla
Enforcers FC,Anguilla
Kicks United FC,Anguilla
Roaring Lions FC,Anguilla
Salsa Ballers FC,Anguilla
Up Rising FC,Anguilla
Tempête FC,Haiti
Valencia FC,Haiti
Puerto Rico Islanders,Puerto Rico
Caledonia AIA,Trinidad N Tobago
W Connection,Trinidad N Tobago
LD Alajuelense,Costa Rica
Carmelita,Costa Rica
CS Cartaginés,Costa Rica
Municipal Grecia,Costa Rica
Guadalupe FC,Costa Rica
CS Herediano,Costa Rica
AD Municipal Liberia,Costa Rica
Limón FC,Costa Rica
Municipal Pérez Zeledón,Costa Rica
Santos de Guápiles,Costa Rica
Deportivo Saprissa,Costa Rica
Universidad de Costa Rica,Costa Rica
AD San Carlos,Costa Rica
ADR Jicaral,Costa Rica
I. Metapán,El Salvador
Club Deportivo Águila,El Salvador
Club Deportivo FAS,El Salvador
Alianza FC,El Salvador
Luis Ángel Firpo,El Salvador
CSD Municipal,Guatemala
Comunicaciones FC,Guatemala
Deportivo Mixco,Guatemala
Club Xelajú MC,Guatemala
Heredia Jaguares de Peten,Guatemala
Antigua GFC,Guatemala
Cobán Imperial,Guatemala
CD Guastatoya,Guatemala
Deportivo Iztapa,Guatemala
CD Malacateco,Guatemala
Deportivo Sanarate,Guatemala
Santa Lucía Cotzumalguapa,Guatemala
Deportivo Siquinalá,Guatemala
CD Olimpia,Honduras
CD Marathón,Honduras
Real CD España,Honduras
CD Motagua,Honduras
CD Victoria,Honduras
Real Estelí,Nicaragua
Chorrillo FC,Panama
Tauro FC,Panama
Club Deportivo Árabe Unido,Panama
San Francisco FC,Panama
Sporting San Miguelito,Panama
KF Tirana,Albania
FK Partizani Tirana,Albania
FK Dinamo Tirana,Albania
KS Skënderbeu,Albania
KS Flamurtari,Albania
KF Vllaznia,Albania
KS Besa,Albania
KS Teuta,Albania
KF Laçi,Albania
FK Kukësi,Albania
KS Luftëtari,Albania
FC Kamza,Albania
KS Kastrioti,Albania
FK Bylis,Albania
KF Elbasani,Albania
KF Tomori,Albania
KF Apolonia,Albania
UE Sant Julià,Andorra
FC Santa Coloma,Andorra
UE Santa Coloma,Andorra
FC Lusitans,Andorra
UE Engordany,Andorra
Atlètic Club d'Escaldes,Andorra
CE Carroi,Andorra
FC Ordino,Andorra
Inter Club d'Escaldes,Andorra
FC Rànger's,Andorra
FC Encamp,Andorra
Constellació Esportiva (1998-2000),Andorra
CE Principat (1989-2015),Andorra
FC Yerevan,Armenia
FC Ararat Yerevan,Armenia
Ararat-Armenia FC,Armenia
Kilikia FC (1992-2011),Armenia
Zvartnots-AAL FC (1997-2003),Armenia
FC Pyunik,Armenia
Ulisses FC,Armenia
FC Mika,Armenia
FC Gandzasar,Armenia
FC Urartu,Armenia
FC Shirak,Armenia
Araks Ararat (-2005),Armenia
Alashkert FC,Armenia
FSC Lori,Armenia
Artsakh FC,Armenia
FC Gandzasar Kapan,Armenia
SK Rapid Wien,Austria
SK Rapid Wien II,Austria
FK Austria Wien,Austria
Young Violets Austria Wien,Austria
SC Team Wiener Linien,Austria
Wiener Sport-Club,Austria
First Vienna FC,Austria
Floridsdorfer AC,Austria
Wiener Viktoria,Austria
FC Mauerwerk,Austria
SC Ostbahn XI,Austria
Technopool Admira,Austria
SR Donaufeld,Austria
FC Stadlau,Austria
SC Red Star Penzing,Austria
SV Mattersburg,Austria
SV Mattersburg II,Austria
SC Neusiedl am See,Austria
ASV Draßburg,Austria
SC-ESV Parndorf,Austria
SV Stegersbach,Austria
SV Oberwart,Austria
SV Heiligenkreuz,Austria
SC Pinkafeld,Austria
SV Wimpassing,Austria
SC Ritzing,Austria
SC Trausdorf,Austria
FC Admira Wacker Mödling,Austria
FC Admira Wacker Mödling II,Austria
SC Wiener Neustadt,Austria
SKN St. Pölten,Austria
SKN St. Pölten Juniors,Austria
SV Horn,Austria
Horn Amateure,Austria
SKU Amstetten,Austria
ASK Ebreichsdorf,Austria
FC Marchfeld Donauauen,Austria
SV Leobendorf,Austria
SV Stripfing,Austria
FCM Traiskirchen,Austria
ASK-BSC Bruck/Leitha,Austria
1. SC Sollenau,Austria
SV Schwechat,Austria
ASK Bad Vöslau,Austria
SC Retz,Austria
SCU Ardagger,Austria
SV Gaflenz,Austria
FC Rohrendorf/Gedersdorf,Austria
SC Leopoldsdorf,Austria
ATSV Ober-Grafendorf,Austria
ASK Kottingbrunn,Austria
ASV Spratzern,Austria
SC Krems,Austria
SC Guntersdorf,Austria
SC Echsenbach,Austria
SC St. Martin,Austria
SC Weißenkirchen,Austria
SV Rehberg,Austria
SV Sieghartskirchen,Austria
SV Zwentendorf,Austria
USC Altenwörth,Austria
USC Grafenwörth,Austria
USC Kirchberg/W.,Austria
USC Schweiggers,Austria
USV Groß Gerungs,Austria
USV Langenlois,Austria
LASK Linz,Austria
FC Juniors OÖ,Austria
FC Pasching,Austria
FC Blau-Weiß Linz,Austria
FC Stahl Linz,Austria
SV Ried,Austria
SV Ried II,Austria
SK Vorwärts Steyr,Austria
FC Wels,Austria
WSC Hertha Wels,Austria
Union Vöcklamarkt,Austria
ATSV Stadl-Paura,Austria
Union Gurten,Austria
Union St. Florian,Austria
SV Wallern,Austria
SV Grün-Weiß Micheldorf,Austria
SK Sturm Graz,Austria
SK Sturm Graz II,Austria
Grazer AK,Austria
TSV Hartberg,Austria
Kapfenberger SV,Austria
SV Lafnitz,Austria
USV Allerheiligen,Austria
TuS Bad Gleichenberg,Austria
Deutschlandsberger SC,Austria
FC Gleisdorf 09,Austria
SC Kalsdorf,Austria
USV St. Anna,Austria
SC Weiz,Austria
DSV Leoben,Austria
FC Gratkorn,Austria
FC Lankowitz,Austria
Wolfsberger AC,Austria
Wolfsberger AC II,Austria
ATSV Wolfsberg,Austria
Austria Klagenfurt,Austria
Austria Kärnten (2007-2010),Austria
SAK Klagenfurt,Austria
Villacher SV,Austria
SV Spittal/Drau,Austria
FC St. Veit,Austria
FC Lendorf,Austria
ASV Annabichler SV 1923,Austria
ASKÖ Köttmannsdorf,Austria
VST Völkermarkt,Austria
FC RB Salzburg,Austria
FC RB Salzburg II,Austria
FC Liefering,Austria
Austria Salzburg,Austria
SAK 1914,Austria
SV Grödig,Austria
SV Seekirchen,Austria
FC Pinzgau Saalfelden,Austria
USK Anif,Austria
TSV St. Johann,Austria
SV Wals-Grünau,Austria
SV Kuchl,Austria
Bischofshofen Sportklub 1933,Austria
TSV Neumarkt,Austria
USC Eugendorf,Austria
SC Golling,Austria
FC Wacker Innsbruck,Austria
FC Wacker Innsbruck II,Austria
SV Innsbruck,Austria
WSG Tirol,Austria
SC Schwaz,Austria
FC Kitzbühel,Austria
FC Kufstein,Austria
SV Telfs,Austria
SV Wörgl,Austria
SC Imst,Austria
SV Hall,Austria
SVG Reichenau,Austria
FC Zirl,Austria
SV Reutte,Austria
SCR Altach,Austria
SCR Altach Juniors,Austria
Austria Lustenau,Austria
Austria Lustenau Amateure,Austria
FC Lustenau 07,Austria
FC Dornbirn 1913,Austria
Dornbirner SV,Austria
FC Höchst,Austria
VfB Hohenems,Austria
FC Wolfurt,Austria
SW Bregenz,Austria
FC Hard,Austria
FC Langenegg,Austria
FC Lauterach,Austria
RW Rankweil,Austria
SC Röthis,Austria
Bakı FK,Azerbaijan
İnter Bakı PİK,Azerbaijan
FK Shafa Baku (1997-2005),Azerbaijan
Neftçi PFK,Azerbaijan
Zirä FK,Azerbaijan
FK Şämkir (1954-2017),Azerbaijan
Qarabağ FK,Azerbaijan
Xäzär Länkäran FK,Azerbaijan
Olimpik-Şüvälan PFK,Azerbaijan
Simurq PFK (2005-2015),Azerbaijan
Gabala SC,Azerbaijan
Keşla FK,Azerbaijan
Käpäz PFK,Azerbaijan
Sabail,Azerbaijan
Sumqayıt FK,Azerbaijan
Sabah,Azerbaijan
PFK Turan Tovuz,Azerbaijan
FK MKT Araz,Azerbaijan
Karvan FK (2004-2014),Azerbaijan
Khazri Buzovna (1994-1998),Azerbaijan
FC BATE Borisov,Belarus
FC Gomel,Belarus
FC Dinamo Minsk,Belarus
FC Dinamo-93 Minsk (1992-1998),Belarus
FC Partizan Minsk,Belarus
FC Minsk,Belarus
FC Dnepr Mogilev,Belarus
FC Shakhtyor Soligorsk,Belarus
FC Naftan Novopolotsk,Belarus
FC Torpedo Zhodino,Belarus
FC Dinamo Brest,Belarus
FC Neman Grodno,Belarus
FC Isloch,Belarus
FC Gorodeya,Belarus
SFC Slutsk,Belarus
FC Slavia-Mozyr,Belarus
FC Vitebsk,Belarus
FC Zvezda-BGU Minsk,Belarus
FC Dnyapro Mogilev,Belarus
FC Torpedo-SKA Minsk,Belarus
FC Belshina Bobruisk,Belarus
RSC Anderlecht,Belgium
RWD Molenbeek,Belgium
Saint-Gilloise,Belgium
Royal Antwerp FC,Belgium
K Beerschot VA,Belgium
Germinal Beerschot (1920-2013),Belgium
Beerschot VAC (1899-1999),Belgium
KV Mechelen,Belgium
KVC Westerlo,Belgium
K Lierse SK,Belgium
KRC Genk,Belgium
Waterschei Thor (1919-1988),Belgium
Sint-Truidense VV,Belgium
Lommel United,Belgium
KAA Gent,Belgium
KSC Lokeren OV,Belgium
SC Eendracht Aalst,Belgium
FCV Dender EH,Belgium
Waasland-Beveren,Belgium
KSK Beveren,Belgium
Club Brugge,Belgium
Cercle Brugge,Belgium
KV Kortrijk,Belgium
KV Oostende,Belgium
SV Zulte Waregem,Belgium
KSV Waregem (1925-2001),Belgium
Sporting Charleroi,Belgium
Royal Excel Mouscron,Belgium
RAEC Mons,Belgium
Excelsior Virton,Belgium
KAS Eupen,Belgium
Standard Liège,Belgium
RFC Liège,Belgium
KFC Verbroedering Geel,Belgium
KRC Harelbeke,Belgium
K Heusden-Zolder,Belgium
KFC Lommel SK,Belgium
RAA Louviéroise,Belgium
KSV Roeselare,Belgium
RFC Seraing,Belgium
AFC Tubize,Belgium
Oud-Heverlee Leuven,Belgium
FK Sarajevo,Bosnia N Herzegovina
FK Slavija Sarajevo,Bosnia N Herzegovina
FK Olimpic Sarajevo,Bosnia N Herzegovina
FK Željezničar,Bosnia N Herzegovina
HŠK Zrinjski,Bosnia N Herzegovina
Velež Mostar,Bosnia N Herzegovina
NK Široki Brijeg,Bosnia N Herzegovina
FK Borac Banja Luka,Bosnia N Herzegovina
FK Modriča,Bosnia N Herzegovina
FK Sloboda Tuzla,Bosnia N Herzegovina
FK Radnik Bijeljina,Bosnia N Herzegovina
Sloga Simin Han,Bosnia N Herzegovina
NK Čelik Zenica,Bosnia N Herzegovina
FK Mladost Doboj Kakanj,Bosnia N Herzegovina
FK Velež,Bosnia N Herzegovina
Zvijezda 09,Bosnia N Herzegovina
NK Brotnjo,Bosnia N Herzegovina
FK Leotar,Bosnia N Herzegovina
FK Budućnost Banovići,Bosnia N Herzegovina
HNK Orašje,Bosnia N Herzegovina
NK Žepče (1919-2010),Bosnia N Herzegovina
PFC CSKA Sofia,Bulgaria
PFC Levski Sofia,Bulgaria
PFC Slavia Sofia,Bulgaria
PFC Lokomotiv Sofia,Bulgaria
Tsarsko Selo Sofia,Bulgaria
PFC Akademik Sofia,Bulgaria
Tsarsko Selo,Bulgaria
PFC Botev Plovdiv,Bulgaria
PFC Lokomotiv Plovdiv,Bulgaria
Spartak Plovdiv,Bulgaria
PFC Litex Lovech,Bulgaria
PFC Cherno More Varna,Bulgaria
FC Spartak Varna,Bulgaria
PFC Ludogorets Razgrad,Bulgaria
PFC Beroe Stara Zagora,Bulgaria
PFC Lokomotiv Stara Zagora (1934-2009),Bulgaria
PFC Montana,Bulgaria
FC Pirin Blagoevgrad,Bulgaria
FC Dunav Ruse,Bulgaria
POFC Botev Vratsa,Bulgaria
SFC Etar Veliko Tarnovo,Bulgaria
Arda,Bulgaria
FC Etar Veliko Tarnovo,Bulgaria
Vitosha Bistritsa,Bulgaria
OFC Sliven 2000,Bulgaria
FC Sliven (-2000),Bulgaria
PFC Marek Dupnitsa,Bulgaria
Neftochimik Burgas,Bulgaria
FC Shumen 1929 (-2016),Bulgaria
GNK Dinamo Zagreb,Croatia
NK Lokomotiva Zagreb,Croatia
NK Zagreb,Croatia
NK Trešnjevka Zagreb,Croatia
NK Lučko Zagreb,Croatia
NK Hrvatski Dragovoljac,Croatia
NK Rudeš,Croatia
NK Croatia Sesvete (1957-2012),Croatia
HNK Hajduk Split,Croatia
RNK Split,Croatia
NK Slaven Belupo,Croatia
NK Varaždin,Croatia
HNK Rijeka,Croatia
NK Osijek,Croatia
HNK Cibalia,Croatia
HNK Šibenik,Croatia
HNK Gorica,Croatia
NK Istra 1961,Croatia
NK Inter Zaprešić,Croatia
NK Karlovac,Croatia
NK Zadar,Croatia
NK Međimurje Čakovec,Croatia
NK Kamen Ingrad (1929-2008),Croatia
AC Omonia Nicosia,Cyprus
APOEL Nicosia FC,Cyprus
Olympiakos Nicosia FC,Cyprus
AEL Limassol,Cyprus
Apollon Limassol FC,Cyprus
Karmiotissa Pano Polemidia,Cyprus
Anorthosis Famagusta FC,Cyprus
AEK Larnaca FC,Cyprus
Pezoporikos Larnaca (1927-1994),Cyprus
EPA Larnaca (1930-1994),Cyprus
Alki Larnaca FC (1948-2014),Cyprus
APOP/Kinyras Peyias FC,Cyprus
Ermis Aradippou FC,Cyprus
Ethnikos Achnas FC,Cyprus
Pafos FC,Cyprus
Doxa Katokopia FC,Cyprus
Enosis Neon Paralimni FC,Cyprus
Nea Salamis Famagusta FC,Cyprus
Digenis Morphou,Cyprus
Alki Oroklini,Cyprus
AC Sparta Praha,Czech Republic
FK Dukla Praha,Czech Republic
SK Slavia Praha,Czech Republic
Bohemians Praha 1905,Czech Republic
FK Viktoria Žižkov,Czech Republic
FK Mladá Boleslav,Czech Republic
1. FK Příbram,Czech Republic
Viktoria Plzeň,Czech Republic
FC Slovan Liberec,Czech Republic
FK Jablonec,Czech Republic
FC Baník Ostrava,Czech Republic
SK Sigma Olomouc,Czech Republic
FK Teplice,Czech Republic
1. FC Slovácko,Czech Republic
FC Zlín,Czech Republic
FC Vysočina Jihlava,Czech Republic
FC Zbrojovka Brno,Czech Republic
FC LeRK Brno (1910-1995),Czech Republic
MFK Karviná,Czech Republic
SFC Opava,Czech Republic
SK Dynamo České Budějovice,Czech Republic
FK Ústí nad Labem,Czech Republic
FC Hradec Králové,Czech Republic
MFK Vítkovice,Czech Republic
1. SC Znojmo FK,Czech Republic
SK Kladno,Czech Republic
FK Drnovice (1932-2006),Czech Republic
FC København,Denmark
B 1903 København (1903-1992),Denmark
KB København (1876-1992),Denmark
B93 København,Denmark
BK Fremad Amager,Denmark
Brønshøj BK,Denmark
B 1908 Amager,Denmark
Vanløse IF,Denmark
BK Frem,Denmark
Akademisk Boldklub,Denmark
Brøndby IF,Denmark
FC Nordsjælland,Denmark
FC Helsingør,Denmark
Lyngby BK,Denmark
Aalborg BK,Denmark
Hobro IK,Denmark
Vendsyssel FF,Denmark
FC Midtjylland,Denmark
Ikast FS (1935-1999),Denmark
AGF Aarhus,Denmark
Viborg FF,Denmark
AC Horsens,Denmark
Silkeborg IF,Denmark
Randers FC,Denmark
Randers Freja,Denmark
Sønderjysk Elitesport,Denmark
Odense BK,Denmark
B 1909 Odense,Denmark
B 1913 Odense,Denmark
Esbjerg fB,Denmark
Vejle,Denmark
FC Vestsjælland,Denmark
HB Køge,Denmark
Herfølge BK (1921-2009),Denmark
Køge BK (1927-2009),Denmark
Holbæk B&I,Denmark
FC Fredericia,Denmark
Skive IK,Denmark
Kolding IF,Denmark
FC Roskilde,Denmark
Hvidovre IF,Denmark
Nykøbing FC,Denmark
Næstved BK,Denmark
Hillerød Fodbold,Denmark
Middelfart BK,Denmark
Varde IF,Denmark
Thisted FC,Denmark
Viby IF,Denmark
Hellerup IK,Denmark
B 1901 Nykøbing (1901-1994),Denmark
Arsenal FC,England
Chelsea FC,England
Tottenham Hotspur FC,England
West Ham United FC,England
Fulham FC,England
Charlton Athletic FC,England
Crystal Palace FC,England
Wimbledon FC,England
AFC Wimbledon,England
Queens Park Rangers FC,England
Millwall FC,England
Brentford FC,England
Leyton Orient FC,England
Barnet FC,England
Dagenham & Redbridge FC,England
Bromley FC,England
Hayes & Yeading United FC,England
Welling United FC,England
Sutton United FC,England
Thames AFC (1928-1932),England
Everton FC,England
Liverpool FC,England
Blackburn Rovers FC,England
Burnley FC,England
Blackpool FC,England
Preston North End FC,England
AFC Fylde,England
Darwen FC (1870-2009),England
Bootle FC (1879-1893),England
Nelson FC,England
Manchester United FC,England
Manchester City FC,England
Bolton Wanderers FC,England
Wigan Athletic FC,England
Wigan Borough FC (1920-1931),England
Atherton Collieries,England
Oldham Athletic AFC,England
Stockport County FC,England
Bury FC,England
Rochdale AFC,England
Altrincham FC,England
Droylsden FC,England
Hyde United FC,England
Stalybridge Celtic FC,England
Salford City FC,England
Aston Villa FC,England
Birmingham City FC,England
Newcastle United FC,England
Ashington AFC,England
South Shields FC,England
Gateshead FC,England
Southampton FC,England
Aldershot Town FC,England
Portsmouth FC,England
Eastleigh FC,England
Havant & Waterlooville FC,England
Sunderland AFC,England
Leicester City FC,England
Loughborough FC (1886-1900),England
West Bromwich Albion FC,England
Coventry City FC,England
Wolverhampton Wanderers FC,England
Walsall FC,England
Solihull Moors FC,England
Stafford Rangers FC,England
Stourbridge FC,England
York City FC,England
Middlesbrough FC,England
Middlesbrough Ironopolis FC (1889-1894),England
Scarborough Athletic FC,England
Harrogate Town AFC,England
Leeds United FC,England
Leeds City FC (1904-1919),England
Bradford City AFC,England
Bradford Park Avenue AFC,England
Huddersfield Town AFC,England
FC Halifax Town,England
Farsley Celtic FC,England
Guiseley AFC,England
Hull City AFC,England
North Ferriby United AFC,England
Sheffield Wednesday FC,England
Sheffield United FC,England
Barnsley FC,England
Rotherham United FC,England
Rotherham County FC (1870-1925),England
Rotherham Town FC (1899-1925),England
Doncaster Rovers FC,England
Stoke City FC,England
Port Vale FC,England
Burton Albion FC,England
Burton United FC (1901-1910),England
Burton Swifts FC (1871-1901),England
Burton Wanderers FC (1871-1901),England
Tamworth FC,England
Derby County FC,England
Norwich City FC,England
Watford FC,England
Oxford United FC,England
Peterborough United FC,England
Cambridge United FC,England
Histon FC,England
Ipswich Town FC,England
Notts County FC,England
Nottingham Forest FC,England
Mansfield Town FC,England
AFC Bournemouth,England
Weymouth FC,England
Reading FC,England
Maidenhead United FC,England
Brighton & Hove Albion FC,England
Crawley Town FC,England
Eastbourne Borough FC,England
Lewes FC,England
Swindon Town FC,England
Colchester United FC,England
Southend United FC,England
Braintree Town FC,England
Grays Athletic FC,England
Canvey Island FC,England
Lincoln City FC,England
Scunthorpe United FC,England
Boston United FC,England
Gainsborough Trinity FC,England
Grimsby Town FC,England
Bristol City FC,England
Bristol Rovers FC,England
Tranmere Rovers FC,England
Southport FC,England
New Brighton Tower FC (1898-1901),England
Plymouth Argyle FC,England
Exeter City FC,England
Torquay United FC,England
Gillingham FC,England
Maidstone United FC,England
Dartford FC,England
Dover Athletic FC,England
Ebbsfleet United FC,England
Luton Town FC,England
Milton Keynes Dons FC,England
Wycombe Wanderers FC,England
Yeovil Town FC,England
Bath City FC,England
Forest Green Rovers FC,England
Cheltenham Town FC,England
Kidderminster Harriers FC,England
Woking FC,England
Chesterfield FC,England
Alfreton Town FC,England
Glossop North End AFC,England
Carlisle United FC,England
Barrow AFC,England
Workington AFC,England
Northampton Town FC,England
AFC Rushden & Diamonds,England
Kettering Town FC,England
Shrewsbury Town FC,England
Telford United FC (1872-2004),England
AFC Telford United,England
Chester FC,England
Crewe Alexandra FC,England
Macclesfield Town FC,England
Northwich Victoria FC,England
Fleetwood Town FC,England
Accrington Stanley FC,England
Accrington FC (1878-1896),England
Morecambe FC,England
Chorley FC,England
Hereford FC (2014-),England
Hereford United FC (1924-2014),England
St. Albans City FC,England
Boreham Wood FC,England
Stevenage FC,England
Hartlepool United FC,England
Darlington FC,England
Durham City AFC,England
Salisbury City FC (1947-2014),England
Salisbury FC (2015-),England
Nuneaton Borough FC,England
Berwick Rangers,England
FC Levadia Tallinn,Estonia
FC Flora Tallinn,Estonia
FC TVMK Tallinn,Estonia
FCI Tallinn,Estonia
JK Tallinna Kalev,Estonia
FC Norma Tallinn (1959-1997),Estonia
FC Lantana Tallinn (1994-1999),Estonia
JK Trans Narva,Estonia
JK Nõmme Kalju,Estonia
JK Sillamäe Kalev,Estonia
FC Santos Tartu,Estonia
JK Tammeka Tartu,Estonia
Paide Linnameeskond,Estonia
JK Tulevik Viljandi,Estonia
FC Kuressaare,Estonia
Maardu Esteve,Estonia
HB Tórshavn,Faroe Islands
B36 Tórshavn,Faroe Islands
EB/Streymur,Faroe Islands
NSÍ Runavík,Faroe Islands
Víkingur,Faroe Islands
GÍ Gøta (1926-2008),Faroe Islands
ÍF Fuglafjørdur,Faroe Islands
KÍ Klaksvík,Faroe Islands
Skála ÍF,Faroe Islands
TB Tvøroyri,Faroe Islands
AB Argir,Faroe Islands
B68 Toftir,Faroe Islands
FC Suðuroy,Faroe Islands
VB Vágur (1905-2005),Faroe Islands
B71 Sandoy,Faroe Islands
HJK Helsinki,Finland
HIFK Helsinki,Finland
HPS Helsinki,Finland
Finnairin Palloilijat Helsinki (1965-1998),Finland
FC Jokerit (1999-2004),Finland
FC Haka Valkeakoski,Finland
FC Inter Turku,Finland
TPS Turku,Finland
FC Honka Espoo,Finland
KuPS Kuopio,Finland
Koparit Kuopio (1931-1990),Finland
Myllykosken Pallo -47,Finland
FC Lahti,Finland
FC Kuusysi,Finland
FC Reipas Lahti,Finland
JJK Jyväskylä,Finland
Tampere United,Finland
FC Ilves,Finland
Ilves-Kissat Tampere,Finland
Tampereen Pallo-Veikot,Finland
IFK Mariehamn,Finland
KPV Kokkola,Finland
Rovaniemen Palloseura,Finland
SJK Seinäjoki,Finland
Vaasan Palloseura,Finland
FC Haka,Finland
FF Jaro,Finland
KTP Kotka,Finland
PK-35 Vantaa,Finland
Palloseura Kemi Kings,Finland
Ekenäs IF,Finland
PEPO Lappeenranta,Finland
JIPPO Joensuu,Finland
FC Jazz,Finland
AC Oulu,Finland
OPS Oulu,Finland
Mikkelin Palloilijat,Finland
AC Vantaan Allianssi (2002-2006),Finland
Paris Saint-Germain,France
Paris FC,France
Red Star FC,France
Amiens SC,France
FC Chambly,France
Angers SCO,France
Girondins de Bordeaux,France
Stade Malherbe Caen,France
Dijon FCO,France
EA Guingamp,France
Lille OSC,France
Olympique Lyonnais,France
Olympique de Marseille,France
FC Metz,France
Montpellier HSC,France
FC Nantes,France
OGC Nice,France
Stade Rennais FC,France
AS Saint-Étienne,France
RC Strasbourg,France
Toulouse FC,France
ES Troyes AC,France
Stade de Reims,France
Nîmes Olympique,France
AC Ajaccio,France
GFC Ajaccio,France
AJ Auxerre,France
Bourg-en-Bresse 01,France
Stade Brestois 29,France
LB Châteauroux,France
Clermont Foot 63,France
Le Havre AC,France
RC Lens,France
FC Lorient,France
AS Nancy Lorraine,France
Chamois Niortais FC,France
US Orléans,France
US Quevilly-Rouen Métropole,France
FC Sochaux-Montbéliard,France
Tours FC,France
Valenciennes FC,France
AC Arles-Avignon,France
SC Bastia,France
CA Bastia,France
AS Beauvais Oise,France
Racing Besançon,France
US Boulogne,France
AS Cannes,France
FCO Charleville,France
US Créteil,France
SAS Épinal,France
Évian TG FC,France
Grenoble Foot 38,France
FC Gueugnon,France
FC Istres,France
Stade Lavallois,France
Le Mans FC,France
FC Libourne-Saint-Seurin,France
CS Louhans-Cuiseaux,France
FC Martigues,France
FC Mulhouse,France
Perpignan FC,France
FC Rouen,France
CS Sedan-Ardennes,France
FC Sète,France
Stade Briochin,France
Sporting Toulon Var,France
ASOA Valence,France
Vannes OC,France
Wasquehal Foot,France
Rodez AF,France
AS Béziers,France
Angoulême-Soyaux Charente,France
FC Dinamo Tbilisi,Georgia
FC Locomotive Tbilisi,Georgia
FC Ameri Tbilisi (2002-2009),Georgia
FC Zestafoni,Georgia
FC Margveti Zestafoni (1990-2000),Georgia
FC Metalurgi Rustavi,Georgia
FC Dila Gori,Georgia
FC WIT Georgia,Georgia
FC Gagra,Georgia
FC Torpedo Kutaisi,Georgia
FC Chikhura Sachkhere,Georgia
FC Samtredia,Georgia
FC Dinamo Batumi,Georgia
FC Tskhinvali,Georgia
FC Sioni Bolnisi,Georgia
FC Saburtalo,Georgia
FC Kolkheti Poti,Georgia
Bayern München,Germany
Bayern München II,Germany
TSV 1860 München,Germany
Türkgücü München,Germany
1. FC Nürnberg,Germany
1. FC Nürnberg II,Germany
SpVgg Greuther Fürth,Germany
SpVgg Greuther Fürth II,Germany
FC Augsburg,Germany
FC Augsburg II,Germany
SpVgg Unterhaching,Germany
FC Ingolstadt 04,Germany
SSV Jahn Regensburg,Germany
1. FC Schweinfurt 05,Germany
Würzburger Kickers,Germany
Wacker Burghausen,Germany
Viktoria Aschaffenburg,Germany
TSV 1860 Rosenheim,Germany
FV Illertissen,Germany
SpVgg Bayreuth,Germany
TSV Aubstadt,Germany
TSV Buchbach,Germany
VfB Eichstätt,Germany
SV Heimstetten,Germany
SV Schalding-Heining,Germany
FC Memmingen,Germany
VfR Garching,Germany
TSV 1896 Rain,Germany
1. FC Köln,Germany
Fortuna Köln,Germany
FC Viktoria Köln,Germany
Fortuna Düsseldorf,Germany
Borussia Dortmund,Germany
Borussia Dortmund II,Germany
FC Schalke 04,Germany
Bayer 04 Leverkusen,Germany
MSV Duisburg,Germany
Bor. Mönchengladbach,Germany
VfL Bochum,Germany
SG Wattenscheid 09,Germany
Arminia Bielefeld,Germany
Preußen Münster,Germany
Gütersloh,Germany
KFC Uerdingen,Germany
Alemannia Aachen,Germany
SC Paderborn 07,Germany
Rot Weiss Ahlen,Germany
Rot-Weiß Oberhausen,Germany
SF Siegen,Germany
Wuppertaler SV,Germany
Rot-Weiss Essen,Germany
SF Baumberg,Germany
SF Lotte,Germany
SV Lippstadt 08,Germany
SC Wiedenbrück,Germany
FC Hennef 05,Germany
TuS Erndtebrück,Germany
SC Verl,Germany
SV Rödinghausen,Germany
1. FC Saarbrücken,Germany
FC 08 Homburg,Germany
VfB Borussia Neunkirchen,Germany
SV Elversberg,Germany
VfL Osnabrück,Germany
VfL Wolfsburg,Germany
Hannover 96,Germany
Eintracht Braunschweig,Germany
FT Braunschweig,Germany
SV Meppen,Germany
VfB Oldenburg,Germany
SV Wilhelmshaven,Germany
BSV Schwarz-Weiß Rehden,Germany
TSV Havelse,Germany
Energie Cottbus,Germany
SV Babelsberg 03,Germany
FSV Optik Rathenow,Germany
SV Falkensee-Finkenkrug,Germany
FFC Victoria 91,Germany
FC Stahl Brandenburg,Germany
Hertha BSC,Germany
1. FC Union Berlin,Germany
Tennis Borussia Berlin,Germany
Blau-Weiß 90 Berlin (-1992),Germany
SC Tasmania 1900 Berlin (-1973),Germany
BFC Dynamo Berlin,Germany
Berliner AK 07,Germany
FC Viktoria 1889 Berlin,Germany
ASK Vorwärts Berlin,Germany
Hamburger SV,Germany
FC St. Pauli,Germany
SC Victoria Hamburg,Germany
USC Paloma Hamburg,Germany
HSV Barmbek-Uhlenhorst,Germany
Werder Bremen,Germany
Werder Bremen II,Germany
SG Aumund-Vegesack,Germany
FC Oberneuland,Germany
Bremer SV,Germany
VfB Stuttgart,Germany
VfB Stuttgart II,Germany
Stuttgarter Kickers,Germany
SC Freiburg,Germany
TSG 1899 Hoffenheim,Germany
Karlsruher SC,Germany
SSV Ulm 1846,Germany
VfR Aalen,Germany
1. FC Heidenheim,Germany
SSV Reutlingen 05,Germany
SV Sandhausen,Germany
VfR Mannheim,Germany
SV Waldhof Mannheim,Germany
SG Großaspach,Germany
FC Nöttingen,Germany
Bahlinger SC,Germany
Neckarsulmer Sport-Union,Germany
Offenburger FV,Germany
FC-Astoria Walldorf,Germany
SV Waldkirch,Germany
Eintracht Frankfurt,Germany
FSV Frankfurt,Germany
SV Darmstadt 98,Germany
SV Wehen Wiesbaden,Germany
Kickers Offenbach,Germany
KSV Hessen Kassel,Germany
1. FC Kaiserslautern,Germany
1. FSV Mainz 05,Germany
1. FSV Mainz 05 II,Germany
Eintracht Trier,Germany
TuS Koblenz,Germany
TSG Pfeddersheim,Germany
SV Roßbach/Verscheid,Germany
Wormatia Worms,Germany
SV Alemannia Waldalgesheim,Germany
FSV Salmrohr,Germany
FK Pirmasens,Germany
VfB Lübeck,Germany
Holstein Kiel,Germany
VfR Neumünster,Germany
Hansa Rostock,Germany
TSG Neustrelitz,Germany
FC Schönberg 95,Germany
1. FC Neubrandenburg 04,Germany
FC Mecklenburg Schwerin,Germany
Dynamo Dresden,Germany
RB Leipzig,Germany
VfB Leipzig (-2004),Germany
1. FC Lokomotive Leipzig (1966-1991),Germany
BSG Chemie Leipzig,Germany
FC Sachsen Leipzig (1990-2011),Germany
SG Sachsen Leipzig (2011-2014),Germany
Chemnitzer FC,Germany
FC Erzgebirge Aue,Germany
FSV Zwickau,Germany
Hallescher FC,Germany
1. FC Magdeburg,Germany
FC Carl Zeiss Jena,Germany
SV Schott Jena,Germany
FC Rot-Weiß Erfurt,Germany
Wacker Nordhausen,Germany
Lincoln FC,Gibraltar
Manchester 62 FC,Gibraltar
Lynx FC,Gibraltar
College Europa FC,Gibraltar
Europa Point FC,Gibraltar
College 1975 FC,Gibraltar
Glacis United FC,Gibraltar
Lions Gibraltar FC,Gibraltar
St Joseph's FRAC,Gibraltar
Gibraltar Phoenix FC,Gibraltar
FC Magpies,Gibraltar
Mons Calpe SC,Gibraltar
Boca Juniors Gibraltar FC,Gibraltar
FC Olympique,Gibraltar
AEK Athens FC,Greece
Panathinaikos FC,Greece
Apollon Smyrnis FC,Greece
Atromitos FC,Greece
Panionios GSS,Greece
APO Akratitos,Greece
Athinaikos AS FC,Greece
Chalkidona FC,Greece
Egaleo FC,Greece
Ethnikos Asteras FC,Greece
Kallithea FC,Greece
Thrasyvoulos FC,Greece
Panelefsiniakos FC,Greece
Proodeftiki FC,Greece
Ionikos FC,Greece
Olympiacos Piraeus FC,Greece
Ethnikos Piraeus FC,Greece
PAOK FC,Greece
Aris Thessaloniki FC,Greece
Iraklis 1908 Thessaloniki FC,Greece
Apollon Pontou FC,Greece
Asteras Tripolis FC,Greece
Xanthi FC,Greece
Panetolikos GFS,Greece
PAS Giannina FC,Greece
Levadiakos FC,Greece
AE Larissa FC,Greece
PAS Lamia 1964,Greece
Kerkyra FC,Greece
Doxa Dramas FC,Greece
Edessaikos FC,Greece
Platanias FC,Greece
PAE Chania,Greece
Ergotelis FC,Greece
OFI Crete FC,Greece
Kalamata FC,Greece
AEL Kalloni FC,Greece
Kastoria FC,Greece
Kavala FC,Greece
Volos FC,Greece
Niki Volou FC,Greece
Olympiacos Volou 1937 FC,Greece
Panachaiki FC,Greece
Paniliakos FC,Greece
Panserraikos FC,Greece
Panthrakikos FC,Greece
Trikala FC,Greece
AO Trikala 1963,Greece
Veria FC,Greece
Ferencvárosi TC,Hungary
Budapest Honvéd FC,Hungary
Vasas FC,Hungary
MTK Budapest,Hungary
Újpest FC,Hungary
Csepel SC,Hungary
Budapesti VSC,Hungary
Vác FC,Hungary
Dunaújváros FC (1952-2009),Hungary
Videoton FC,Hungary
Debreceni VSC,Hungary
Győri ETO FC,Hungary
Paksi SE,Hungary
Kecskeméti TE,Hungary
Szombathelyi Haladás,Hungary
Zalaegerszegi TE,Hungary
Diósgyőri VTK,Hungary
Mezőkövesd Zsóry SE,Hungary
Varda SE,Hungary
Puskás Akadémia FC,Hungary
Kaposvári Rákóczi FC,Hungary
Salgótarjáni BTC,Hungary
Pécsi MFC,Hungary
FC Sopron (1921-2008),Hungary
Békéscsaba 1912 Előre,Hungary
Pápai FC (1995-2015),Hungary
FC Tatabánya,Hungary
BFC Siófok,Hungary
Komlói Bányász SK,Hungary
KR Reykjavík,Iceland
Fram Reykjavík,Iceland
Fylkir Reykjavik,Iceland
Valur Reykjavík,Iceland
Víkingur Reykjavík,Iceland
ÍA Akranes,Iceland
FH Hafnarfjörður,Iceland
Breiðablik,Iceland
ÍBV Vestmannaeyjar,Iceland
Stjarnan,Iceland
Grindavík,Iceland
HK Kópavogs,Iceland
KA Akureyri,Iceland
Thór Akureyri,Iceland
Keflavík ÍF,Iceland
Knattspyrnufélag Fjallabyggðar,Iceland
Shamrock Rovers FC,Ireland
Bohemian FC,Ireland
St Patrick's Athletic FC,Ireland
University College Dublin AFC,Ireland
Shelbourne FC,Ireland
Drumcondra FC,Ireland
Dublin City FC (1999-2006),Ireland
Athlone Town AFC,Ireland
Bray Wanderers FC,Ireland
Cobh Ramblers FC,Ireland
Cork City FC,Ireland
Cork Celtic FC (1951-1979),Ireland
Cork Hibernians FC (1957-1976),Ireland
Drogheda United FC,Ireland
Dundalk FC,Ireland
Finn Harps FC,Ireland
Galway United FC,Ireland
Limerick FC,Ireland
Longford Town FC,Ireland
Mervue,Ireland
Monaghan,Ireland
Sligo Rovers FC,Ireland
Waterford FC,Ireland
Wexford FC,Ireland
Sporting Fingal FC,Ireland
Cabinteely FC,Ireland
AS Roma,Italy
SS Lazio,Italy
AC Milan,Italy
FC Internazionale Milano,Italy
Torino FC,Italy
Juventus,Italy
Hellas Verona FC,Italy
AC Chievo Verona,Italy
Genoa CFC,Italy
UC Sampdoria,Italy
Atalanta BC,Italy
Benevento,Italy
Bologna FC,Italy
Cagliari Calcio,Italy
FC Crotone,Italy
ACF Fiorentina,Italy
SSC Napoli,Italy
US Sassuolo Calcio,Italy
SPAL,Italy
Udinese Calcio,Italy
Ascoli,Italy
Avellino,Italy
Bari,Italy
Brescia,Italy
Carpi,Italy
AC Cesena (1940-2018),Italy
Cittadella,Italy
Cremonese,Italy
Empoli,Italy
Foggia,Italy
Frosinone,Italy
Novara,Italy
Palermo,Italy
Parma,Italy
AC Perugia,Italy
Pescara,Italy
Pro Vercelli,Italy
Salernitana,Italy
Spezia,Italy
Ternana,Italy
Venezia,Italy
Virtus Entella,Italy
Piacenza Calcio,Italy
LR Vicenza Virtus,Italy
Calcio Padova,Italy
Modena FC,Italy
SS Robur Siena,Italy
US Anconitana ASD,Italy
Cosenza Calcio,Italy
SS Fidelis Andria,Italy
US Lecce,Italy
AS Lucchese Libertas,Italy
SS Monza,Italy
Ravenna FC,Italy
AC Reggiana,Italy
Urbs Reggina,Italy
ACD Treviso,Italy
ASD Castel di Sangro,Italy
Unione Calcio Albinoleffe,Italy
Calcio Catania,Italy
Como 1907,Italy
AS Livorno Calcio,Italy
ACR Messina SSD,Italy
US Triestina Calcio,Italy
SS Arezzo,Italy
US Catanzaro,Italy
ASD Virtus Bergamo,Italy
MC Fermana FC,Italy
Gallipoli Football SSD,Italy
ASD US Grosseto,Italy
AS Gubbio,Italy
SS Juve Stabia,Italy
SSD Latina Calcio,Italy
Mantova SSD,Italy
ASD Nocerina,Italy
AC Pisa,Italy
US Pistoiese,Italy
Portogruaro Calcio ASD,Italy
Rimini FC SSD,Italy
ASD Savoia,Italy
Trapani Calcio,Italy
Varese Calcio,Italy
Virtus Lanciano,Italy
Pordenone Calcio,Italy
Vis Pesaro 1898,Italy
Giana Erminio,Italy
Carrarese Calcio,Italy
Pontedera,Italy
Pro Patria,Italy
AC Renate,Italy
Calcio Lecco,Italy
FC Südtirol,Italy
Feralpisalò,Italy
Sambenedettese,Italy
Potenza Calcio,Italy
Paganese Calcio,Italy
Vibonese Calcio,Italy
KF Drita,Kosovo
FC Prishtina,Kosovo
Flamurtari Prishtina,Kosovo
KF Trepça'89,Kosovo
Ballkani,Kosovo
KF Feronikeli,Kosovo
KF Gjilani,Kosovo
KF Drenica,Kosovo
KF Llapi,Kosovo
KF Ferizaj,Kosovo
Dukagjini,Kosovo
Vushtrria,Kosovo
FK RFS,Latvija
Riga FC,Latvija
FS METTA,Latvija
FK LU/Daugava (1979-2000),Latvija
FC Daugava Rīga (2003-2015),Latvija
Skonto FC (1991-2006),Latvija
FK Ventspils,Latvija
FK Liepāja,Latvija
SK Liepājas Metalurgs,Latvija
FK Jelgava,Latvija
FK Valmiera,Latvija
FK Spartaks Jūrmala,Latvija
FC Daugava Daugavpils,Latvija
BFC Daugavpils,Latvija
FC Dinaburg,Latvija
FC Vaduz,Liechtenstein
FC USV Eschen/Mauren,Liechtenstein
FK Riteriai,Lithuania
VMFD Žalgiris,Lithuania
FK Kauno Žalgiris,Lithuania
FC Stumbras,Lithuania
FBK Kaunas,Lithuania
FK Kareda Kaunas (1935-2003),Lithuania
FK Inkaras Kaunas (1937-2003),Lithuania
FK Ekranas,Lithuania
FK Sūduva,Lithuania
FK Tauras,Lithuania
FK Vėtra,Lithuania
FC Šiauliai,Lithuania
FK Banga,Lithuania
FK Atlantas,Lithuania
FK Kruoja,Lithuania
Panevezys,Lithuania
FK Palanga,Lithuania
FK Mažeikiai,Lithuania
Racing FC Union Lëtzebuerg,Luxembourg
FC Aris Bonnevoie (-2001),Luxembourg
FC Avenir Beggen,Luxembourg
Spora Luxemburg (1923-2005),Luxembourg
Union Luxembourg (1925-2005),Luxembourg
F91 Dudelange,Luxembourg
Stade Dudelange (1913-1991),Luxembourg
FC Differdange 03,Luxembourg
Red Boys Differdange (1907-2003),Luxembourg
Jeunesse d'Esch,Luxembourg
CS Grevenmacher,Luxembourg
UN Käerjéng 97,Luxembourg
CS Fola Esch,Luxembourg
FC Progrès Niederkorn,Luxembourg
US Mondorf-les-Bains,Luxembourg
FC Union Titus Pétange,Luxembourg
FC UNA Strassen,Luxembourg
FC Victoria Rosport,Luxembourg
FC Muhlenbach Sandzak,Luxembourg
FC Etzella Ettelbruck,Luxembourg
FC Rodange 91,Luxembourg
US Hostert,Luxembourg
FC Mondercange,Luxembourg
US Rumelange,Luxembourg
CS Pétange (1910-2015),Luxembourg
FK Metalurg Skopje,Macedonia
FK Makedonija Skopje,Macedonia
FK Vardar,Macedonia
FK Cementarnica 55,Macedonia
Sloga Jugomagnat Skopje (1927-2009),Macedonia
FK Rabotnički,Macedonia
FK Renova,Macedonia
FK Shkëndija 79,Macedonia
FK Teteks,Macedonia
FK Milano,Macedonia
FK Pelister,Macedonia
KF Shkupi,Macedonia
FK Sileks,Macedonia
FK Turnovo,Macedonia
Akademija Pandev,Macedonia
FC Struga,Macedonia
FK Borec Veles,Macedonia
FK Pobeda,Macedonia
FK Bashkimi Kumanovo (1947-2008),Macedonia
FK Belasica,Macedonia
Valletta FC,Malta
Sliema Wanderers FC,Malta
Birkirkara FC,Malta
Floriana FC,Malta
Hibernians FC,Malta
Marsaxlokk FC,Malta
Balzan FC,Malta
Gżira United FC,Malta
Gudja United,Malta
Hamrun Spartans FC,Malta
FC Sirens,Malta
Santa Lucia,Malta
Senglea Athletic FC,Malta
Mosta FC,Malta
Tarxien Rainbows FC,Malta
Rabat Ajax,Malta
Marsa FC,Malta
Żurrieq FC,Malta
FC Sheriff Tiraspol,Moldova
FC Dinamo-Auto Tiraspol,Moldova
CS Tiligul-Tiras Tiraspol (1938-2009),Moldova
FC Dacia Chișinău,Moldova
FC Zimbru Chișinău,Moldova
FC Veris (2011-2014),Moldova
FC Iskra-Stal,Moldova
FC Milsami Orhei,Moldova
FC Olimpia Balti,Moldova
FC Zaria Balti,Moldova
FC Nistru Otaci,Moldova
CS Petrocub,Moldova
FC Saxan,Moldova
FC Sfintul Gheorghe Suruceni,Moldova
FC Speranța Nisporeni,Moldova
FC Codru,Moldova
CS Petrocub Hîncești,Moldova
AS Monaco,Monaco
FK Budućnost Podgorica,Montenegro
FK Mogren (1920-2016),Montenegro
FK Zeta,Montenegro
FK Rudar Pljevlja,Montenegro
OFK Petrovac,Montenegro
FK Čelik Nikšić,Montenegro
FK Sutjeska,Montenegro
OFK Titograd,Montenegro
FK Bokelj,Montenegro
FK Lovćen,Montenegro
FK Iskra,Montenegro
Mladost Ljeskopolje,Montenegro
FK Kom,Montenegro
OFK Grbalj,Montenegro
Ajax Amsterdam,Netherlands
Jong Ajax,Netherlands
DWS Amsterdam,Netherlands
FC Amsterdam,Netherlands
AZ Alkmaar,Netherlands
AZ Alkmaar II,Netherlands
SC Telstar,Netherlands
HFC Haarlem (1889-2010),Netherlands
Feyenoord Rotterdam,Netherlands
Sparta Rotterdam,Netherlands
SBV Excelsior Rotterdam,Netherlands
ADO Den Haag,Netherlands
FC Dordrecht,Netherlands
SC Cambuur,Netherlands
SC Heerenveen,Netherlands
FC Den Bosch,Netherlands
NAC Breda,Netherlands
PSV Eindhoven,Netherlands
Jong PSV,Netherlands
FC Eindhoven,Netherlands
RKC Waalwijk,Netherlands
Willem II Tilburg,Netherlands
FC Oss,Netherlands
Helmond Sport,Netherlands
Fortuna Sittard,Netherlands
Roda JC Kerkrade,Netherlands
VVV Venlo,Netherlands
MVV Maastricht,Netherlands
Rapid JC Heerlen (1954-1962),Netherlands
Go Ahead Eagles,Netherlands
Heracles Almelo,Netherlands
FC Twente,Netherlands
PEC Zwolle,Netherlands
Almere City FC,Netherlands
BV De Graafschap,Netherlands
FC Groningen,Netherlands
NEC Nijmegen,Netherlands
RBC Roosendaal,Netherlands
FC Utrecht,Netherlands
Jong FC Utrecht,Netherlands
DOS Utrecht,Netherlands
Vitesse Arnhem,Netherlands
FC Volendam,Netherlands
FC Emmen,Netherlands
Derry City FC,Northern Ireland
Institute FC,Northern Ireland
Linfield FC,Northern Ireland
Glentoran FC,Northern Ireland
Crusaders FC,Northern Ireland
Cliftonville FC,Northern Ireland
Portadown FC,Northern Ireland
Lisburn Distillery FC,Northern Ireland
Glenavon FC,Northern Ireland
Coleraine FC,Northern Ireland
Ballymena United FC,Northern Ireland
Ballinamallard United FC,Northern Ireland
Dungannon Swifts FC,Northern Ireland
Larne FC,Northern Ireland
Carrick Rangers FC,Northern Ireland
Warrenpoint Town FC,Northern Ireland
Ards FC,Northern Ireland
Bangor FC,Northern Ireland
Newry City AFC,Northern Ireland
Vålerenga Fotball,Norway
KFUM-Kameratene Oslo,Norway
Skeid Fotball,Norway
Lyn Oslo,Norway
Frigg Oslo FK,Norway
Rosenborg BK,Norway
Ranheim,Norway
Moss FK,Norway
Molde FK,Norway
Tromsø IL,Norway
Aalesunds FK,Norway
SK Brann,Norway
Strømsgodset IF,Norway
Fredrikstad FK,Norway
Lillestrøm SK,Norway
Viking FK,Norway
Odds BK,Norway
Sandefjord,Norway
Sandnes Ulf,Norway
Sarpsborg 08,Norway
Sogndal,Norway
Stabæk,Norway
IK Start,Norway
Kristiansund BK,Norway
Mjøndalen IF,Norway
Bodø/Glimt,Norway
FK Haugesund,Norway
SK Haugar,Norway
Hønefoss BK,Norway
FK Jerv,Norway
Ullensaker/Kisa IL,Norway
IL Hødd,Norway
Hamarkameratene,Norway
Kongsvinger IL,Norway
Nest-Sotra Fotball,Norway
Notodden FK,Norway
Raufoss IL,Norway
Strømmen IF,Norway
Tromsdalen UIL,Norway
Åsane Fotball,Norway
Bryne FK,Norway
Legia Warszawa,Poland
KSP Polonia Warszawa,Poland
Gwardia Warszawa,Poland
Górnik Zabrze,Poland
KKS Lech Poznań,Poland
Warta Poznań,Poland
Wisła Kraków,Poland
KS Cracovia,Poland
Hutnik Kraków,Poland
WKS Śląsk Wrocław,Poland
Jagiellonia Białystok,Poland
Arka Gdynia,Poland
GKS Bełchatów,Poland
Korona Kielce,Poland
Lechia Gdańsk,Poland
Górnik Łęczna,Poland
Miedź Legnica,Poland
Piast Gliwice,Poland
Wisła Płock,Poland
Podbeskidzie Bielsko-Biała,Poland
Pogoń Szczecin,Poland
Ruch Chorzów,Poland
Sandecja Nowy Sącz,Poland
Bruk-Bet Termalica Nieciecza,Poland
Widzew Łódź,Poland
ŁKS Łódź,Poland
Zagłębie Lubin,Poland
Zagłębie Sosnowiec,Poland
Zawisza Bydgoszcz,Poland
Raków Częstochowa,Poland
Odra Opole,Poland
GKS Tychy,Poland
Chrobry Głogów,Poland
OKS Stomil Olsztyn,Poland
Polonia Bytom,Poland
Szombierki Bytom,Poland
Stal Mielec,Poland
Dyskobolia Grodzisk Wielkopolski,Poland
Amica Wrońki (1992-2007),Poland
GKS Katowice,Poland
Zagłębie Wałbrzych,Poland
Odra Wodzisław,Poland
SL Benfica,Portugal
Sporting CP,Portugal
Os Belenenses,Portugal
Casa Pia,Portugal
UD Vilafranquense,Portugal
CD Mafra,Portugal
FC Porto,Portugal
Boavista FC,Portugal
UD Oliveirense,Portugal
CD Aves,Portugal
GD Chaves,Portugal
Estoril Praia,Portugal
CD Feirense,Portugal
Vitória de Guimarães,Portugal
Vitória de Setúbal,Portugal
CS Marítimo,Portugal
CD Nacional Madeira,Portugal
Moreirense FC,Portugal
FC Paços de Ferreira,Portugal
Portimonense SC,Portugal
Rio Ave FC,Portugal
SC Braga,Portugal
CD Tondela,Portugal
Académica de Coimbra,Portugal
.,Portugal
FC Arouca,Portugal
FC Penafiel,Portugal
SC Beira-Mar,Portugal
Desportivo de Chaves,Portugal
CF Estrela da Amadora,Portugal
SC Farense,Portugal
Gil Vicente FC,Portugal
União de Leiria,Portugal
União da Madeira,Portugal
SC Salgueiros,Portugal
FC Tirsense,Portugal
SC Campomaiorense,Portugal
FC Felgueiras,Portugal
Leça FC,Portugal
FC Alverca,Portugal
Sporting de Espinho,Portugal
Leixões SC,Portugal
Naval 1º de Maio,Portugal
SC Olhanense,Portugal
CD Santa Clara,Portugal
CD Trofense,Portugal
Varzim SC,Portugal
FC Famalicão,Portugal
SC Covilhã,Portugal
Académico Viseu,Portugal
Anadia FC,Portugal
AC Marinhense,Portugal
CU Fabril Barreiro,Portugal
FC Barreirense,Portugal
Steaua București,Romania
Dinamo București,Romania
Rapid București,Romania
Daco-Getica București,Romania
Sportul Studenţesc Bucureşti,Romania
AS Progresul București,Romania
Victoria București (1949-1990),Romania
CFR Cluj,Romania
U Cluj,Romania
Astra Giurgiu,Romania
Ceahlăul Piatra Neamț,Romania
Concordia Chiajna,Romania
FC Vaslui,Romania
Gaz Metan Mediaș,Romania
Gloria Bistrița,Romania
FC Petrolul Ploiești,Romania
FC Viitorul Constanța,Romania
Corona Brașov (2010-2014),Romania
FC Brașov,Romania
Dunărea Călărași,Romania
Chindia Târgoviște,Romania
CS Turnu Severin,Romania
FC Severin,Romania
AFC Turris-Oltul,Romania
FC Botoșani,Romania
FC Hermannstadt,Romania
Săgeata Năvodari,Romania
Oțelul Galați,Romania
Pandurii Târgu Jiu,Romania
FC Politehnica Iași,Romania
Poli Timișoara,Romania
Sepsi Sfântu Gheorghe,Romania
ASA Târgu Mureș (2008-2018),Romania
Universitatea Craiova,Romania
UTA Arad,Romania
FC Voluntari,Romania
FC Academica Clinceni,Romania
CS Mioveni,Romania
CSM Flacăra Moreni,Romania
FC Argeș Pitești,Romania
CS Minaur Baia Mare,Romania
CSM Jiul Petroșani,Romania
FCM Bacău,Romania
Chimia Râmnicu Vâlcea (1946-2004),Romania
Unirea Urziceni (1954-2017),Romania
FC Corvinul Hunedoara (1921-2004),Romania
FC Extensiv Craiova (1949-2013),Romania
Lokomotiv Moskva,Russia
PFC CSKA Moskva,Russia
Dynamo Moskva,Russia
FC Spartak Moskva,Russia
Spartak Moskva II,Russia
FC Moskva,Russia
Torpedo Moskva,Russia
FC Chertanovo Moskva,Russia
Zenit St. Petersburg,Russia
Dinamo St. Petersburg,Russia
PFC Sochi,Russia
FC Rubin Kazan,Russia
FC Amkar Perm,Russia
FC Anzhi Makhachkala,Russia
FC Sibir Novosibirsk,Russia
FC Alania Vladikavkaz,Russia
PFC Krylya Sovetov Samara,Russia
Arsenal Tula,Russia
Chernomorets Novorosisk,Russia
FC Khimki,Russia
FC Krasnodar,Russia
FC Krasnodar 2,Russia
FC Kuban,Russia
FC Baltika,Russia
Luch Energia Vladivostok,Russia
FC Mordovia,Russia
Spartak Nalchik,Russia
Nizhnii Novgorod,Russia
FC Rostov,Russia
Rotor,Russia
Saturn,Russia
Shinnik,Russia
SKA Khabarovsk,Russia
Sokol,Russia
Terek Grozny,Russia
Akhmat Grozny,Russia
Tom Tomsk,Russia
Tosno,Russia
FC Ufa,Russia
Ural Yekaterinburg,Russia
Uralan,Russia
Volga Nizhnii Novgorod,Russia
FC Tambov,Russia
FC Orenburg,Russia
Volgar-Astrakhan,Russia
Vladikavkaz,Russia
Yenisey,Russia
FC Avangard Kursk,Russia
FC Tekstilshchik Ivanovo,Russia
Neftekhimik Nizhnekamsk,Russia
FC Chayka,Russia
FC Fakel Voronezh,Russia
FC Armavir,Russia
FC Tekstilshchik Kamyshin,Russia
SP Tre Fiori,San Marino
SP Tre Penne,San Marino
AC Juvenes-Dogana,San Marino
SP La Fiorita,San Marino
AC Libertas,San Marino
SC Faetano,San Marino
SS Murata,San Marino
SS Folgore,San Marino
SP Cailungo,San Marino
SS Cosmos,San Marino
FC Domagnano,San Marino
FC Fiorentino,San Marino
SS Pennarossa,San Marino
SS San Giovanni,San Marino
Virtus FC,San Marino
Celtic FC,Scotland
Rangers FC,Scotland
Partick Thistle,Scotland
Queen's Park,Scotland
Heart of Midlothian FC,Scotland
Hibernian FC,Scotland
Edinburgh City,Scotland
Aberdeen FC,Scotland
Cove Rangers FC,Scotland
Dundee FC,Scotland
Dundee United,Scotland
Hamilton Academical FC,Scotland
Kilmarnock FC,Scotland
Motherwell FC,Scotland
Ross County FC,Scotland
St Johnstone FC,Scotland
Brechin City,Scotland
Dumbarton,Scotland
Dunfermline Athletic,Scotland
Falkirk,Scotland
Greenock Morton,Scotland
Inverness Caledonian Thistle,Scotland
Livingston FC,Scotland
Queen of the South,Scotland
Saint Mirren FC,Scotland
Airdrieonians,Scotland
Albion Rovers,Scotland
Alloa Athletic,Scotland
Arbroath,Scotland
Ayr United,Scotland
East Fife,Scotland
Forfar Athletic,Scotland
Raith Rovers,Scotland
Stranraer,Scotland
Annan Athletic,Scotland
Clyde,Scotland
Cowdenbeath,Scotland
Elgin City,Scotland
Montrose,Scotland
Peterhead,Scotland
Stenhousemuir,Scotland
Stirling Albion,Scotland
Clydebank FC,Scotland
East Stirlingshire FC,Scotland
Gretna FC,Scotland
Red Star Belgrade,Serbia
FK Partizan Belgrade,Serbia
OFK Beograd,Serbia
FK Rad Belgrade,Serbia
FK Čukarički,Serbia
FK Bežanija,Serbia
FK Obilić (1924-2015),Serbia
FK Vojvodina,Serbia
FK Proleter Novi Sad,Serbia
FK Spartak Zlatibor Voda,Serbia
FK Sloboda Užice,Serbia
FK Sevojno (1950-2010),Serbia
FK Jagodina,Serbia
FK Borac Čačak,Serbia
FK Spartak Subotica,Serbia
FK Radnicki Niš,Serbia
FK Mladost Lučani,Serbia
Bačka Topola,Serbia
FK Napredak,Serbia
FK Voždovac,Serbia
FK Indjija,Serbia
FK Javor,Serbia
FK Proleter,Serbia
FK Radnik Surdulica,Serbia
Macva Sabac,Serbia
FK Smederevo,Serbia
FK Banat Zrenjanin (2006-2016),Serbia
FK Hajduk Kula (1925-2013),Serbia
OFK Bečej 1918,Serbia
ŠK Slovan Bratislava,Slovakia
FK Inter Bratislava,Slovakia
FC Petržalka,Slovakia
FC Spartak Trnava,Slovakia
MŠK Žilina,Slovakia
FK Senica,Slovakia
MFK Košice (1952-2017),Slovakia
FC Lokomotíva Košice,Slovakia
Dukla Banská Bystrica,Slovakia
FC Nitra,Slovakia
MFK Petržalka,Slovakia
AS Trenčín,Slovakia
FC DAC 1904 Dunajská Streda,Slovakia
MFK Ružomberok,Slovakia
TJ Spartak Myjava,Slovakia
FC ViOn Zlaté Moravce,Slovakia
SK Sered,Slovakia
TJ Sokol Dolná Zdana,Slovakia
MFK Zemplín Michalovce,Slovakia
FK Poprad,Slovakia
MŠK Púchov,Slovakia
1. FC Tatran Prešov,Slovakia
FC Senec (1994-2008),Slovakia
NK Olimpija Ljubljana,Slovenia
NK IB Ljubljana,Slovenia
NK Maribor,Slovenia
ND Mura 05,Slovenia
FC Koper,Slovenia
ND Gorica,Slovenia
NK Domžale,Slovenia
NK Rudar Velenje,Slovenia
NK Celje,Slovenia
NK Aluminij,Slovenia
ASK Bravo Publikum,Slovenia
NK Tabor Sezana,Slovenia
NK Triglav,Slovenia
NK Radomlje,Slovenia
NK Nafta 1903,Slovenia
NK Krško,Slovenia
NK Primorje (1924-2011),Slovenia
MNK Izola,Slovenia
NK Izola (1923-1996),Slovenia
Atlético Madrid,Spain
Atlético Madrid B,Spain
Real Madrid,Spain
Real Madrid B,Spain
Getafe CF,Spain
Rayo Vallecano,Spain
AD Alcorcón,Spain
CF Fuenlabrada,Spain
CF Rayo Majadahonda,Spain
Málaga CF,Spain
Málaga CF B,Spain
Sevilla FC,Spain
Sevilla FC B,Spain
Real Betis,Spain
Algeciras CF,Spain
UD Almería,Spain
Cádiz CF,Spain
Córdoba CF,Spain
Écija Balompié,Spain
Real Jaén CF,Spain
Granada CF,Spain
Granada 74,Spain
FC Barcelona,Spain
FC Barcelona B,Spain
RCD Espanyol,Spain
Gimnàstic Tarragona,Spain
Girona FC,Spain
CF Reus,Spain
RCD La Coruña,Spain
RC Celta Vigo,Spain
SD Compostela,Spain
Racing Ferrol,Spain
Valencia CF,Spain
Levante UD,Spain
Alicante CF,Spain
Hércules CF,Spain
CD Alcoyano,Spain
Elche CF,Spain
CD Castellón,Spain
Villarreal CF,Spain
Villarreal CF B,Spain
Real Sociedad,Spain
Deportivo Alavés,Spain
SD Eibar,Spain
Athletic Club Bilbao,Spain
Athletic Club Bilbao B,Spain
Sporting Gijón,Spain
Albacete Balompié,Spain
CD Guadalajara,Spain
CD Badajoz,Spain
CF Extremadura (-2010),Spain
Extremadura UD,Spain
CP Mérida,Spain
Burgos CF,Spain
CD Mirandés,Spain
Real Murcia CF,Spain
UCAM Murcia,Spain
CF Ciudad de Murcia,Spain
FC Cartagena,Spain
Real Zaragoza,Spain
SD Huesca,Spain
UD Las Palmas,Spain
Universidad Las Palmas,Spain
RCD Mallorca,Spain
RCD Mallorca B,Spain
CD Atlético Baleares,Spain
CD Tenerife,Spain
CA Osasuna,Spain
CD Leganés,Spain
Cultural Leonesa,Spain
UE Lleida,Spain
UE Llagostera,Spain
CD Logroñés,Spain
UD Logroñés,Spain
SD Logroñés,Spain
Lorca FC,Spain
CD Lugo,Spain
CD Numancia,Spain
CD Ourense,Spain
Real Oviedo,Spain
Polideportivo Ejido,Spain
SD Ponferradina,Spain
Pontevedra CF,Spain
Real Unión,Spain
Recreativo Huelva,Spain
CE Sabadell,Spain
UD Salamanca,Spain
Real Racing Santander,Spain
Terrassa FC,Spain
CD Toledo,Spain
Real Valladolid CF,Spain
UD Vecindario,Spain
Xerez CD,Spain
Real Madrid Castilla,Spain
Club Marino Luanco,Spain
CF Illueca,Spain
UD Socuéllamos,Spain
UM Escobedo,Spain
Gimnástica Segoviana,Spain
Zamora CF,Spain
Comillas CF,Spain
CD El Álamo,Spain
El Palmar CF,Spain
Bergantiños FC,Spain
Tolosa CF,Spain
CF Badalona,Spain
CA Antoniano,Spain
CD Peña Azagresa,Spain
CD Becerril,Spain
UD Melilla,Spain
AIK,Sweden
IF Brommapojkarna,Sweden
Djurgårdens IF,Sweden
Hammarby IF,Sweden
IFK Göteborg,Sweden
GAIS,Sweden
BK Häcken,Sweden
Qviding FIF,Sweden
Örgryte Göteborg,Sweden
Malmö FF,Sweden
IFK Malmö,Sweden
IF Elfsborg,Sweden
Norrby IF,Sweden
Helsingborgs IF,Sweden
Kalmar FF,Sweden
Örebro SK,Sweden
Gefle IF,Sweden
AFC Eskilstuna,Sweden
Mjällby AIF,Sweden
Åtvidabergs FF,Sweden
Dalkurd FF,Sweden
IK Sirius,Sweden
Falkenbergs FF,Sweden
Halmstads BK,Sweden
Jönköpings Södra IF,Sweden
Ljungskile SK,Sweden
IFK Norrköping,Sweden
Östers IF,Sweden
Östersunds FK,Sweden
GIF Sundsvall,Sweden
Syrianska FC,Sweden
Trelleborgs FF,Sweden
FC Trollhättan,Sweden
Husqvarna FF,Sweden
Nyköping BIS,Sweden
Västerås SK,Sweden
Degerfors IF,Sweden
Varbergs BoIS,Sweden
IK Brage,Sweden
Landskrona BoIS,Sweden
Grasshoppers Zürich,Switzerland
FC Zürich,Switzerland
FC Winterthur,Switzerland
FC Basel,Switzerland
BSC Young Boys,Switzerland
FC Biel-Bienne,Switzerland
FC Thun,Switzerland
FC Luzern,Switzerland
FC St. Gallen,Switzerland
FC Wil,Switzerland
FC Schaffhausen,Switzerland
FC Aarau,Switzerland
FC Wohlen,Switzerland
FC Wettingen,Switzerland
FC Sion,Switzerland
Xamax Neuchâtel,Switzerland
FC La Chaux-de-Fonds,Switzerland
FC Lausanne,Switzerland
FC Le Mont,Switzerland
Servette FC,Switzerland
FC Lugano,Switzerland
FC Chiasso,Switzerland
FC Locarno,Switzerland
AC Bellinzona,Switzerland
Fenerbahçe İstanbul SK,Turkey
Galatasaray İstanbul AŞ,Turkey
Beşiktaş İstanbul JK,Turkey
Kasımpaşa İstanbul SK,Turkey
İstanbul Başakşehir,Turkey
İstanbulspor,Turkey
Sarıyer SK,Turkey
Zeytinburnuspor,Turkey
Fatih Karagümrük,Turkey
Tuzlaspor,Turkey
Ümraniyespor,Turkey
Gençlerbirliği Ankara SK,Turkey
Osmanlıspor Ankara,Turkey
MKE Ankaragücü,Turkey
Hacettepespor,Turkey
Turanspor,Turkey
Petrol Ofisi SK (1954-2010),Turkey
Keçiörengücü,Turkey
Kardemir Karabükspor,Turkey
Elazığspor,Turkey
Eskişehirspor,Turkey
Akhisarspor,Turkey
Alanyaspor,Turkey
Antalyaspor,Turkey
Bursaspor,Turkey
Göztepe İzmir,Turkey
Bucaspor,Turkey
Altay SK,Turkey
Karşıyaka SK,Turkey
Altınordu,Turkey
Menemenspor,Turkey
Kayserispor,Turkey
Kayseri Erciyesspor,Turkey
Konyaspor,Turkey
Sivasspor,Turkey
Trabzonspor AŞ,Turkey
Yeni Malatyaspor,Turkey
Malatyaspor,Turkey
Adanaspor,Turkey
Adana Demirspor,Turkey
Gaziantepspor,Turkey
Gazişehir Gaziantep FK,Turkey
Çaykur Rizespor,Turkey
Balıkesirspor,Turkey
Mersin İdmanyurdu,Turkey
BB Erzurumspor,Turkey
Denizlispor,Turkey
Orduspor,Turkey
Manisaspor,Turkey
Samsunspor,Turkey
Diyarbakırspor,Turkey
Kocaelispor,Turkey
Sakaryaspor,Turkey
Akçaabat Sebatspor,Turkey
Yozgatspor,Turkey
Erzurumspor (1968-2015),Turkey
Siirtspor,Turkey
Vanspor FK,Turkey
Çanakkale Dardanelspor,Turkey
Boluspor,Turkey
Giresunspor,Turkey
Erzincanspor,Turkey
Hatayspor,Turkey
FC Dynamo Kyiv,Ukraine
FC Arsenal Kyiv,Ukraine
FC Obolon Kyiv,Ukraine
FC Shakhtar Donetsk,Ukraine
FC Metalurh Donetsk,Ukraine
FC Olimpik Donetsk,Ukraine
FC Metalist Kharkiv,Ukraine
FC Dnipro,Ukraine
SC Dnipro-1,Ukraine
FC Vorskla Poltava,Ukraine
FC Karpaty Lviv,Ukraine
SC Tavriya Simferopol,Ukraine
FC Zorya Luhansk,Ukraine
FC Mariupol,Ukraine
FC Olexandriya,Ukraine
FC Chornomorets Odesa,Ukraine
Desna,Ukraine
Kolos Kovalivka,Ukraine
FC Volyn Lutsk,Ukraine
FC Metalurh Zaporizhya,Ukraine
FC Kryvbas Kryvyi Rih,Ukraine
NK Veres Rivne,Ukraine
FC Zirka Kropyvnytskyi,Ukraine
FC Stal Kamianske (1926-2018),Ukraine
FC Hoverla Uzhhorod (1946-2016),Ukraine
FC Sevastopol (2002-2014),Ukraine
The New Saints FC,Wales
Bangor City FC,Wales
Llanelli AFC,Wales
Cefn Druids AFC,Wales
Neath FC,Wales
Port Talbot Town FC,Wales
Connah's Quay Nomads FC,Wales
Bala Town FC,Wales
Llandudno FC,Wales
Newtown AFC,Wales
AUK Broughton FC,Wales
Aberystwyth Town FC,Wales
Barry Town AFC,Wales
Cardiff Metropolitan University FC,Wales
Caernarfon Town FC,Wales
Carmarthen Town AFC,Wales
Penybont FC,Wales
Swansea City FC,Wales
Cardiff City FC,Wales
Newport County AFC,Wales
Wrexham AFC,Wales
Merthyr Town FC,Wales
Aberdare Athletic FC (1893-1928),Wales
Rhyl FC,Wales
Cwmbrân Town AFC,Wales
Prestatyn Town FC,Wales
Afan Lido FC,Wales
Haverfordwest County AFC,Wales
Porthmadog FC,Wales
Welshpool Town FC,Wales
Caersws FC,Wales
Pars Jonoubi Jam,Iran
Peykan,Iran
Hapoel Tel-Aviv FC,Israel
Maccabi Tel-Aviv FC,Israel
Bnei Yehuda Tel-Aviv FC,Israel
Beitar Tel Aviv Bat Yam FC,Israel
Maccabi Haifa FC,Israel
Hapoel Haifa FC,Israel
Hapoel Kiryat Shmona FC,Israel
Maccabi Netanya FC,Israel
Beitar Jerusalem FC,Israel
Hapoel Katamon Jerusalem FC,Israel
Hapoel Beer-Sheva FC,Israel
FC Ashdod,Israel
Hapoel Hadera FC,Israel
Hapoel Ra'anana AFC,Israel
Maccabi Petah Tikva FC,Israel
Hapoel Petah Tikva FC,Israel
Hapoel Kfar-Saba FC,Israel
Sektzia Nes Tziona FC,Israel
Bnei Sakhnin FC,Israel
FC Kafr Qasim,Israel
Hapoel Acre FC,Israel
Hapoel Afula FC,Israel
Hapoel Ashkelon FC,Israel
Hapoel Bnei Lod FC,Israel
Hapoel Nof HaGalil FC,Israel
Hapoel Ramat Gan Giv'atayim FC,Israel
Hapoel Ramat HaSharon FC,Israel
Hapoel Rishon LeZion FC,Israel
Hapoel Umm al-Fahm FC,Israel
Maccabi Ahi Nazareth FC,Israel
Al Wehdat,Jordan
Al Ahed,Lebanon
Al-Sadd SC,Qatar
Al Shahaniya,Qatar
Al Khoor,Qatar
Al Gharafa SC,Qatar
Al Ahli Doha SC,Qatar
Al-Duhail SC,Qatar
Al Nassr,Saudi Arabia
Al Hilal FC,Saudi Arabia
Al-Ahli Jeddah,Saudi Arabia
Montreal Impact,Canada
Toronto FC,Canada
York9 FC,Canada
Forge FC,Canada
HFX Wanderers,Canada
Valour FC,Canada
Cavalry FC,Canada
FC Edmonton,Canada
Vancouver Whitecaps FC,Canada
Pacific FC,Canada
Club América,Mexico
Cruz Azul,Mexico
Pumas UNAM,Mexico
Deportivo Toluca FC,Mexico
Potros UAEM,Mexico
CD Guadalajara Chivas,Mexico
Club Atlas,Mexico
Leones Negros U. de G.,Mexico
Estudiantes UAG,Mexico
CF Monterrey,Mexico
Tigres UANL,Mexico
Club Puebla,Mexico
Lobos BUAP,Mexico
Tiburones Rojos Veracruz,Mexico
FC Juárez,Mexico
Altamira,Mexico
Correcaminos,Mexico
Tampico Madero,Mexico
Atlético San Luis,Mexico
Club León,Mexico
Celaya,Mexico
Galeana,Mexico
Zacatepec,Mexico
Club Tijuana,Mexico
Dorados Sinaloa,Mexico
Mineros Zacatecas,Mexico
Monarcas Morelia,Mexico
Club Necaxa,Mexico
CF Pachuca,Mexico
Cruz Azul Hidalgo,Mexico
Querétaro FC,Mexico
Santos Laguna,Mexico
U. de C.,Mexico
Cimarrones de Sonora,Mexico
Oaxaca,Mexico
Jaguares Chiapas,Mexico
Cafetaleros de Chiapas,Mexico
Delfines,Mexico
Mérida,Mexico
Venados FC,Mexico
Atlante FC,Mexico
Atlanta United FC,United States
Atlanta United 2,United States
South Georgia Tormenta FC,United States
South Georgia Tormenta 2,United States
Birmingham Legion FC,United States
Little Rock Rangers,United States
Charleston Battery,United States
Greenville Triumph,United States
Charlotte Independence,United States
North Carolina FC,United States
Forward Madison FC,United States
Milwaukee Bavarian SC,United States
Chicago Fire,United States
AFC Ann Arbor,United States
Lansing Ignite FC,United States
Columbus Crew SC,United States
FC Cincinnati,United States
Dayton Dutch Lions,United States
Des Moines Menace,United States
D.C. United,United States
FC Baltimore,United States
Loudoun United FC,United States
Richmond Kickers,United States
Virginia United FC,United States
New England Revolution,United States
Black Rock FC,United States
New York City FC,United States
New York Cosmos,United States
New York Red Bulls,United States
New York Red Bulls II,United States
New York Red Bulls U23,United States
FC Motown,United States
Hartford Athletic,United States
Saint Louis FC,United States
Orlando City SC,United States
Inter Miami CF,United States
Miami FC,United States
Tampa Bay Rowdies,United States
Florida Soccer Soldiers,United States
Lakeland Tropics,United States
The Villages SC,United States
Philadelphia Union,United States
Philadelphia Union II,United States
Philadelphia Lone Star FC,United States
Pittsburgh Riverhounds SC,United States
Erie Commodores FC,United States
Reading United AC,United States
West Chester Predators,United States
Nashville SC,United States
Memphis 901 FC,United States
Chattanooga Red Wolves,United States
Indy Eleven,United States
Colorado Rapids,United States
Colorado Springs Switchbacks FC,United States
FC Denver,United States
FC Dallas,United States
NTX Rayados,United States
Houston Dynamo,United States
Austin Bold FC,United States
El Paso Locomotive FC,United States
Rio Grande Valley FC Toros,United States
San Antonio FC,United States
Brazos Valley Cavalry FC,United States
Laredo Heat,United States
Midland-Odessa Sockers FC,United States
LA Galaxy,United States
LA Galaxy II,United States
Los Angeles FC,United States
San Jose Earthquakes,United States
Orange County SC,United States
Orange County FC,United States
Sacramento Republic FC,United States
San Diego Loyal SC,United States
Academica SC,United States
Cal FC,United States
El Farolito,United States
Golden State Force,United States
Fresno FC,United States
Seattle Sounders FC,United States
Tacoma Defiance,United States
Portland Timbers,United States
Portland Timbers 2,United States
FC Mulhouse Portland,United States
Minnesota United FC,United States
Duluth FC,United States
Real Salt Lake,United States
Real Monarchs,United States
Sporting Kansas City,United States
Sporting Kansas City II,United States
OKC Energy FC,United States
FC Tulsa,United States
Louisville City FC,United States
Las Vegas Lights FC,United States
Reno 1868 FC,United States
New Mexico United,United States
Phoenix Rising FC,United States
Tampa Bay Mutiny (1996-2001),United States
Miami Fusion (1998-2001),United States
CD Chivas USA (2005-2014),United States
Sydney FC,Australia
Western Sydney Wanderers,Australia
Central Coast Mariners,Australia
Newcastle United Jets,Australia
Melbourne City FC,Australia
Melbourne Victory,Australia
Western United,Australia
Brisbane Roar,Australia
Adelaide United,Australia
Perth Glory,Australia
Auckland City FC,New Zealand
Waitakere United,New Zealand
Hawke's Bay United,New Zealand
Team Wellington,New Zealand
Waikato FC,New Zealand
YoungHeart Manawatu,New Zealand
Canterbury United,New Zealand
Otago United,New Zealand
Wellington Phoenix,New Zealand
All Boys,Argentina
Argentinos Juniors,Argentina
Boca Juniors,Argentina
River Plate,Argentina
San Lorenzo,Argentina
Vélez Sarsfield,Argentina
Huracán,Argentina
Nueva Chicago,Argentina
Atlanta,Argentina
Barracas Central,Argentina
Defensores de Belgranes,Argentina
Deportivo Riestra,Argentina
Estudiantes de Buenos Aires,Argentina
Ferro Carril Oeste,Argentina
CA Tigre,Argentina
CA Independiente de Avellaneda,Argentina
Racing Club,Argentina
Quilmes AC,Argentina
CA Lanús,Argentina
Arsenal de Sarandí,Argentina
Estudiantes LP,Argentina
Gimnasia y Esgrima LP,Argentina
Club Atlético Aldosivi,Argentina
Alvarado,Argentina
Club Atlético Banfield,Argentina
Defensa y Justicia,Argentina
Olimpo Bahía Blanca,Argentina
Sarmiento Junín,Argentina
Temperley,Argentina
Chacarita Juniors,Argentina
Agropecuario Argentino,Argentina
Almagro,Argentina
Brown,Argentina
Deportivo Morón,Argentina
Platense,Argentina
Santamarina,Argentina
Villa Dálmine,Argentina
Colón Santa Fe,Argentina
Unión Santa Fe,Argentina
Newell's Old Boys,Argentina
Rosario Central,Argentina
Atlético Rafaela,Argentina
Talleres de Córdoba,Argentina
Club Atlético Belgrano,Argentina
Instituto,Argentina
Estudiantes de Río Cuarto,Argentina
Godoy Cruz,Argentina
Gimnasia y Esgrima de Mendoza,Argentina
Independiente Rivadavia,Argentina
San Martín San Juan,Argentina
Gimnasia y Esgrima de Jujuy,Argentina
Atlético Tucumán,Argentina
San Martín de Tucumán,Argentina
Patronato,Argentina
Crucero del Norte,Argentina
Central Córdoba,Argentina
Mitre,Argentina
Guillermo Brown,Argentina
Club Bolívar,Bolivia
The Strongest,Bolivia
Club Always Ready,Bolivia
Club Deportivo Oriente Petrolero,Bolivia
Club Blooming,Bolivia
Club Destroyers,Bolivia
Royal Pari FC,Bolivia
Real Potosí,Bolivia
Nacional Potosí,Bolivia
Club Deportivo San José,Bolivia
Club Deportivo Guabirá,Bolivia
CD Jorge Wilstermann,Bolivia
Club Aurora,Bolivia
Sport Boys Warnes,Bolivia
Corinthians SP,Brazil
São Paulo FC,Brazil
Palmeiras SP,Brazil
Santos SP,Brazil
Ponte Preta,Brazil
CA Bragantino,Brazil
RB Bragantino,Brazil
Oeste SP,Brazil
Portuguesa,Brazil
Botafogo SP,Brazil
Guarani FC,Brazil
São Bento,Brazil
AD São Caetano,Brazil
Botafogo RJ,Brazil
Flamengo RJ,Brazil
Fluminense RJ,Brazil
CR Vasco da Gama,Brazil
Atlético MG,Brazil
Cruzeiro MG,Brazil
América MG,Brazil
Tupi MG,Brazil
Grêmio RS,Brazil
Internacional Porto Alegre,Brazil
Brasil RS,Brazil
Esporte Clube Juventude,Brazil
Atlético PR,Brazil
Coritiba PR,Brazil
Londrina EC,Brazil
Paraná Clube,Brazil
Operário Ferroviário,Brazil
Figueirense,Brazil
Chapecoense,Brazil
Criciúma EC,Brazil
Avaí FC,Brazil
Joinvile EC,Brazil
Sport Recife,Brazil
Santa Cruz,Brazil
Náutico PE,Brazil
EC Vitória,Brazil
EC Bahia,Brazil
Goiás EC,Brazil
Atlético GO,Brazil
Vila Nova GO,Brazil
Ceára SC,Brazil
Fortaleza,Brazil
Paysandu SC,Brazil
CRB AL,Brazil
CSA,Brazil
Luverdense EC,Brazil
Cuiabá,Brazil
Sampaio Corrêa FC,Brazil
Universidad de Chile,Chile
Universidad Católica,Chile
Unión Española,Chile
Audax Italiano,Chile
Colo-Colo,Chile
Club Deportivo Palestino,Chile
CD Huachipato,Chile
Deportes Iquique,Chile
CD Cobresal,Chile
Coquimbo Unido,Chile
Curicó Unido,Chile
CD Antofagasta,Chile
Everton de Viña del Mar,Chile
O'Higgins FC,Chile
Unión La Calera,Chile
CD Universidad de Concepción,Chile
Deportes Vallenar,Chile
Deportes La Serena,Chile
Millonarios Bogotá,Colombia
Independiente Santa Fe,Colombia
La Equidad,Colombia
Atlético Nacional,Colombia
Independiente Medellín,Colombia
Junior de Barranquilla,Colombia
Once Caldas,Colombia
Deportes Tolima,Colombia
Alianza Petrolera FC,Colombia
América de Cali,Colombia
Deportivo Cali,Colombia
Atlético Bucaramanga,Colombia
Atlético Huila,Colombia
Cúcuta Deportivo,Colombia
Deportivo Pasto,Colombia
Envigado FC,Colombia
Jaguares de Córdoba,Colombia
Patriotas Boyacá,Colombia
Boyacá Chicó,Colombia
Rionegro Águilas,Colombia
Unión Magdalena,Colombia
Deportivo Pereira,Colombia
Deportivo Quito,Ecuador
El Nacional,Ecuador
LDU Quito,Ecuador
CD Universidad Católica del Ecuador,Ecuador
América de Quito,Ecuador
SD Aucas,Ecuador
CS Emelec,Ecuador
Barcelona Guayaquil,Ecuador
Guayaquil City FC,Ecuador
CSD Macará,Ecuador
Mushuc Runa SC,Ecuador
CD Técnico Universitario,Ecuador
LDU Loja,Ecuador
Delfín SC,Ecuador
CD Cuenca,Ecuador
Fuerza Amarilla SC,Ecuador
CSD Independiente del Valle,Ecuador
CD Olmedo,Ecuador
Alpha United FC,Guyana
Libertad Ascunción,Paraguay
Club Olimpia,Paraguay
Club Nacional,Paraguay
Cerro Porteño,Paraguay
Club Guaraní,Paraguay
Club River Plate,Paraguay
Deportivo Capiatá,Paraguay
Deportivo Santaní,Paraguay
Club General Díaz,Paraguay
Sportivo Luqueño,Paraguay
Club Sportivo San Lorenzo,Paraguay
Club Sol de América,Paraguay
Alianza Lima,Peru
Sporting Cristal,Peru
Deportivo Municipal,Peru
Club Deportivo Universidad de San Martín de Porres,Peru
Club Universitario de Deportes,Peru
Juan Aurich,Peru
Molinos El Pirata,Peru
Sport Huancayo,Peru
Alianza Universidad,Peru
Real Garcilaso,Peru
Universidad César Vallejo,Peru
Carlos A. Mannucci,Peru
Ayacucho FC,Peru
Escuela Municipal Binacional,Peru
Academia Cantolao,Peru
Sport Boys,Peru
FBC Melgar,Peru
Unión Comercio,Peru
Universidad Técnica de Cajamarca,Peru
Club Atlético Grau,Peru
Liverpool Montevideo,Uruguay
Nacional de Montevideo,Uruguay
Defensor Sporting,Uruguay
CA Peñarol,Uruguay
CA Cerro,Uruguay
Danubio FC,Uruguay
El Tanque Sisley,Uruguay
Centro Atlético Fénix,Uruguay
CS Miramar Misiones,Uruguay
Montevideo Wanderers,Uruguay
Racing CM,Uruguay
CA Rentistas,Uruguay
CA River Plate,Uruguay
Boston River,Uruguay
CA Progreso,Uruguay
Rampla Juniors,Uruguay
Juventud de Las Piedras,Uruguay
Cerro Largo,Uruguay
Sud América,Uruguay
Club Plaza Colonia de Deportes,Uruguay
Caracas FC,Venezuela
Deportivo La Guaira,Venezuela
Deportivo Petare,Venezuela
Estudiantes de Caracas,Venezuela
Metropolitanos FC,Venezuela
Atlético Venezuela,Venezuela
Deportivo Táchira,Venezuela
Zamora FC,Venezuela
Deportivo Lara,Venezuela
Deportivo Anzoátegui,Venezuela
AC Mineros,Venezuela
LALA FC,Venezuela
Atlético El Vigía,Venezuela
Llaneros FC,Venezuela
Zulia FC,Venezuela
Aragua FC,Venezuela
Estudiantes de Mérida,Venezuela
Tucanes FC,Venezuela
Yaracuyanos FC,Venezuela
Carabobo FC,Venezuela
Trujillanos FC,Venezuela
Academia Puerto Cabello,Venezuela
Monagas Sport Club,Venezuela
Portuguesa FC,Venezuela
